Spam	service@mail.direct-letter.de	Diese Hygieneprodukte zahlt die Pflegekasse
Spam	jobs@mail.xing.com	25 neue Stellenangebote f√ºr "Anwendungsentwickler in Berlin"
Spam	promotion5@amazon.de	Ihr Amazon-Aktionsgutschein von 15 ‚Ç¨ und ungenutzter Prime-Vorteil
Spam	newsletter@update.lieferando.de	Lass deinen 7 ‚Ç¨ Gutschein nicht verfallen üçî
Ham	accounts@unity3d.com	Confirm your email address
Spam	jobs@mail.xing.com	13 neue Stellenangebote f√ºr "Anwendungsentwickler in Berlin"
Spam	newsletter@dm-toys.de	Spur N 12/2023: Geschenkgutschein, neue L√§rmschutzw√§nde, Fleischmann, Lemke Minis
Spam	newsletter@dm-toys.de	Spur N 12/2023: Frohe Weihnachten
Spam	sonderaktion@e-reply.eis.de	Manuel, sichere Dir 98% Inventur-Rabatt! üî•
Ham	info@eurocamp-spreewaldtor.de	Neues vom Eurocamp Spreewaldtor
Spam	mailrobot@mail.xing.com	9+ aktuelle Job-Vorschl√§ge, 9+ aktuelle Kontakt-Empfehlungen und weitere Neuigkeiten
Spam	jobs@mail.xing.com	15 neue Stellenangebote f√ºr "Anwendungsentwickler in Berlin"
Spam	jobs@mail.xing.com	Optimus Search, Circonomit GmbH, Amadeus FiRe und andere spannende Firmen suchen nach Kandidaten wie Dir!
Spam	mailings@mailings.gmx.net	Ihre Spende zu Weihnachten: Winterhilfe f√ºr Kinder in der Ukraine
Spam	service@stayfriends.de	Grundschule im Saaletal (Abschlussjahrgang 1993)
Spam	jobs@mail.xing.com	12 neue Stellenangebote f√ºr "Anwendungsentwickler in Berlin"
Spam	customer-reviews-messages@amazon.de	Manuel Peise, sind Sie zufrieden mit 'Kinderbett mit Rausfallschutz, Hochbett Kinder'? Bewerten Sie den Artikel auf Amazon
Ham	buchungsbestaetigung@bahn.de	Buchungsbest√§tigung Deutsche Bahn (Auftrag: 927697062690)
Spam	newsletter@update.lieferando.de	Lass dir 7 ‚Ç¨ Rabatt nicht entgehen
Ham	buchungsbestaetigung@bahn.de	Buchungsbest√§tigung Deutsche Bahn (Auftrag: 421548357881)
Spam	sonderaktion@e-reply.eis.de	üî• 98% Inventur-Rabatt f√ºr Dich ‚Äì jetzt nur noch f√ºr kurze Zeit
Spam	jobs@mail.xing.com	17 neue Stellenangebote f√ºr "Anwendungsentwickler in Berlin"
Spam	mailings@mailings.gmx.net	üì± manuel Peise, Ihr 24 GB Handytarif f√ºr dauerhaft 9,99 ‚Ç¨ mtl.¬π
Spam	mobile-team@1und1.de	Verpassen Sie nicht die gro√üe 1&1 Family-Aktion.
Spam	info@smava-mailing.de	Herr Peise, schnell, sicher und transparent zu Ihrer Finanzierung.
Spam	service@stayfriends.de	Erinnern Sie sich an diese Kontakte und Mitsch√ºler, Manuel?
Spam	jobs@mail.xing.com	26 neue Stellenangebote f√ºr "Anwendungsentwickler in Berlin"
Spam	mailrobot@mail.xing.com	Kennst Du Oliver Rabe?
Spam	jobs@mail.xing.com	Optimus Search, DW Deutsche Welle, Circonomit GmbH und andere spannende Firmen suchen nach Kandidaten wie Dir!
Ham	appsupport@bvg.de	BVG-OnlineShop ‚Äì Bestellbest√§tigung: 2023122917163
Ham	appsupport@bvg.de	BVG-OnlineShop ‚Äì Bestellbest√§tigung: 2023122917178
Spam	sonderaktion@e-reply.eis.de	üß® SALE FINALE: Lass es krachen, Manuel!
Spam	jobs@mail.xing.com	27 neue Stellenangebote f√ºr "Anwendungsentwickler in Berlin"
Spam	newsletter@update.lieferando.de	Hast du schon deinen 7 ‚Ç¨ Gutschein eingel√∂st? üòã
Spam	no-reply@mailing.bahn.de	Ihre Meinung ist gefragt, Manuel Peise!
Spam	newsletter@dm-toys.de	Spur N 12/2023: St√∂rche mit Nest, Piko BR 624
Spam	jobs@mail.xing.com	20 neue Stellenangebote f√ºr "Anwendungsentwickler in Berlin"
Spam	promotion5@amazon.de	Roces Nirvana
Spam	noreply@info.touchstonesoftware.com	üéÜ  WOW! Ring in 2024 with this incredible deal - 12 Apps - SAVE 89%
Spam	info@unity3d.com	What can we create together? üé®
Spam	promotion5@amazon.de	inhzoy Body
Spam	newsletter@dm-toys.de	Spur N 01/2024: Frohes neues Jahr!
Spam	sonderaktion@e-reply.eis.de	Jetzt NEU: üåπ Sinnliche Satisfyer Rosen-Vibratoren üåπ
Ham	benachrichtigung@elster.de	Mein ELSTER: Benachrichtigung √ºber neue Bescheiddaten
Spam	jobs@mail.xing.com	23 neue Stellenangebote f√ºr "Anwendungsentwickler in Berlin"
Spam	jobs@mail.xing.com	Optimus Search, D2C ReCommerce, ZAUBAR und andere spannende Firmen suchen nach Kandidaten wie Dir!
Spam	kwk@1und1.de	Aktion bis 31.01.: 1x empfehlen, 2x kassieren
Spam	jobs@mail.xing.com	19 neue Stellenangebote f√ºr "Anwendungsentwickler in Berlin"
Spam	info@smava-mailing.de	Herr Peise, sparen Sie mit unseren Darlehensangeboten!
Spam	info@mail.bahncard.bahn.de	Sch√∂n, dass Sie bei BahnBonus sind.
Spam	sonderaktion@e-reply.eis.de	Klopf, klopf boom! üí• Der neue Satisfyer 'Klopf & Climax 1' ist da!
Spam	prime@amazon.de	√Ñnderung zu Prime Video
Spam	info@e-mail.xing.com	Diese 6 Job-Chancen solltest Du 2024 nutzen
Spam	service@stayfriends.de	Manuela Wietek und 'Partymaus'? War das so, Manuel?
Spam	mailings@mailings.gmx.net	Gymondo 2 Monate gratis
Spam	jobs@mail.xing.com	47 neue Stellenangebote f√ºr "Anwendungsentwickler in Berlin"
Ham	info@mail.bahncard.bahn.de	Nicht vergessen: Neue BahnCard in die App laden.
Ham	bestellbestaetigung@amazon.de	Deine Amazon.de Bestellung.
Ham	versandbestaetigung@amazon.de	Deine Amazon.de-Bestellung (#028-4677950-3051524) wurde versandt!
Spam	jobs@mail.xing.com	36 neue Stellenangebote f√ºr "Anwendungsentwickler in Berlin"
Spam	mailrobot@mail.xing.com	Kennst Du Dr. Daniel Gr√∂be?
Ham	shipment-tracking@amazon.de	Zustellung heute: Ihr Amazon Paket wird zugestellt.
Spam	jobs@mail.xing.com	FERCHAU, kv.digital GmbH, F mal s GmbH und andere spannende Firmen suchen nach Kandidaten wie Dir!
Ham	appsupport@bvg.de	BVG-OnlineShop ‚Äì Bestellbest√§tigung: 2024010517829
Ham	appsupport@bvg.de	BVG-OnlineShop ‚Äì Bestellbest√§tigung: 2024010519464
Spam	sonderaktion@e-reply.eis.de	Doppelt h√§lt besser: Der Satisfyer 'Dual Love Connect App' mit Druckwellen UND Vibration
Spam	mailrobot@mail.xing.com	Neue Recruiting-Nachricht
Spam	order-update@amazon.de	Geliefert:  Ihre Amazon.de-Bestellung mit Bestellnr. 028-4677950-3051524
Spam	newsletter@dm-toys.de	Spur N 01/2024: Fleischmann Gasturbinentriebzug BR 602, BR 01, BR 210
Spam	vpl1Erx2TmgtEpdse@ozce9up7p.zqlbzoyvkrcjtciyvf	Gutschein!#105
Spam	marketplace-messages@amazon.de	Manuel Peise, m√∂chten Sie Ihre Transaktion bei Amazon.de bewerten?
Ham	appsupport@bvg.de	BVG-OnlineShop ‚Äì Bestellbest√§tigung: 2024010611860
Ham	appsupport@bvg.de	BVG-OnlineShop ‚Äì Bestellbest√§tigung: 2024010613371
Spam	jobs@mail.xing.com	54 neue Stellenangebote f√ºr "Anwendungsentwickler in Berlin"
Ham	rechnungsstelle@1und1.de	Ihre 1&1 Rechnung
Spam	info@unity3d.com	Take your product into the future with AI and visionOS
Spam	customer-reviews-messages@amazon.de	Manuel Peise, sind Sie zufrieden mit 'Dekohelden24 R√§ucherm√§nnchen Rocker'? Bewerten Sie den Artikel auf Amazon
Spam	service@stayfriends.de	Erinnerungen an den Jahrgang 1998, Schule am Kanstein
Ham	appsupport@bvg.de	BVG-OnlineShop ‚Äì Bestellbest√§tigung: 2024010818387
Spam	sonderaktion@e-reply.eis.de	Setze Trends mit dem App-Toy Satisfyer 'Trendsetter' üçë
Spam	mailrobot@mail.xing.com	Erinnerung: Unbeantwortete Recruiting-Nachricht
Ham	appsupport@bvg.de	BVG-OnlineShop ‚Äì Bestellbest√§tigung: 2024010823883
Spam	mailrobot@mail.xing.com	1 ungelesene Nachricht, 9+ aktuelle Job-Vorschl√§ge und weitere Neuigkeiten
Spam	info@smava-mailing.de	Herr Peise, finanzielle W√ºnsche erf√ºllen mit smava!
Spam	jobs@mail.xing.com	35 neue Stellenangebote f√ºr "Anwendungsentwickler in Berlin"
Spam	jobs@mail.xing.com	CHECK24 Vergleichsportal, Berliner Stadtreinigung, adesso SE und andere spannende Firmen suchen nach Kandidaten wie Dir!
Spam	mailrobot@mail.xing.com	Philipp R√ºbelmann m√∂chte Dich als Kontakt hinzuf√ºgen.
Spam	donotreply@amazon.de	Hat deine aktuelle Amazon-Bestellung deine Erwartungen erf√ºllt? √úberpr√ºfe es auf Amazon
Spam	jobs@mail.xing.com	90 neue Stellenangebote f√ºr "Anwendungsentwickler in Berlin"
Spam	mobile-team@1und1.de	Nur f√ºr kurze Zeit: Die gro√üe 1&1 Family-Aktion.
Spam	ebay@noreply1.ebay.com	Aktualisierung der Allgemeinen Gesch√§ftsbedingungen
Spam	mailings@mailings.gmx.net	Ihr Strompreis inkl. iPad in 12627: 37,62 ct/kWh¬π
Spam	jobs@mail.xing.com	38 neue Stellenangebote f√ºr "Anwendungsentwickler in Berlin"
Spam	newsletter@dm-toys.de	Spur N 01/2024: Inventur Schn√§ppchen 1.0
Spam	service@stayfriends.de	Erkennen Sie Ihre Schulkameraden auf den Klassenfotos wieder?
Spam	jobs@mail.xing.com	Gr√ºhn GmbH, CHECK24 Vergleichsportal, Berliner Stadtreinigung und andere spannende Firmen suchen nach Kandidaten wie Dir!
Ham	UNDINE.WERNICKE@DRV-BUND.DE	DRV-Bund - Karriere
Spam	sonderaktion@e-reply.eis.de	Mach Dich fit mit GRATIS App-Druckwellenvibrator von Satisfyer! üí™
Spam	mailrobot@mail.xing.com	Hast Du diese Recruiting-Nachricht vielleicht verpasst?
Spam	mailrobot@mail.xing.com	Philipp R√ºbelmann wartet auf Deine Antwort.
Spam	jobs@mail.xing.com	66 neue Stellenangebote f√ºr "Anwendungsentwickler in Berlin"
Spam	promotion5@amazon.de	Ravensburger Puzzle
Spam	FHlYoUJN8rYxWE6yj@wgbcu3dre.thmrdsjnhtllkfhydk	Gutschein!#565
Spam	info@unity3d.com	Get to know Unity Cloud ‚òÅÔ∏è
Spam	promotion5@amazon.de	HSP Himoto ferngesteuertes Auto
Spam	info@smava-mailing.de	Herr Peise, vergleichen Sie Darlehen von verschiedenen Banken!
Spam	service-news@1und1.de	3 praktische Tipps f√ºr den Jahresanfang
Spam	info@smava-mailing.de	Herr Peise, wir finden Finanzierungen, die genau zu Ihnen passen!
Spam	sonderaktion@e-reply.eis.de	Liebe zum Mitnehmen: Entdecke den 'Pro To Go 1' & mehr üíï
Spam	jobs@mail.xing.com	28 neue Stellenangebote f√ºr "Anwendungsentwickler in Berlin"
Spam	promotion5@amazon.de	Carson Micro x Warrior
Spam	service@info.kleinanzeigen.de	√Ñnderungen der Allgemeinen Nutzungsbedingungen f√ºr Kleinanzeigen und der Datenschutzerkl√§rung
Spam	mailings@mailings.gmx.net	120 Millionen ‚Ç¨ Jackpot mit 1 ‚Ç¨ knacken
Spam	info@e-mail.xing.com	Eine neue Art der Job-Suche.
Spam	mailrobot@mail.xing.com	Kennst Du Tanja Gerhard oder Dr. Daniel Gr√∂be oder ... ?
Spam	jobs@mail.xing.com	31 neue Stellenangebote f√ºr "Anwendungsentwickler in Berlin"
Spam	noreply@info.touchstonesoftware.com	Fine & Delete Duplicate Files Fast with Easy Duplicate Finder and Save 60%
Spam	jobs@mail.xing.com	THE ARC GmbH, DESIGNERDOCK, con terra GmbH und andere spannende Firmen suchen nach Kandidaten wie Dir!
Ham	appsupport@bvg.de	BVG-OnlineShop ‚Äì Bestellbest√§tigung: 2024011718960
Spam	newsletter@update.lieferando.de	Noch kannst du deinen 7 ‚Ç¨ Gutschein einl√∂sen üèÉ
Ham	appsupport@bvg.de	BVG-OnlineShop ‚Äì Bestellbest√§tigung: 2024011724122
Spam	sonderaktion@e-reply.eis.de	Voll flexibel: Erlebe den 16-in-1 Satisfyer jetzt GRATIS
Spam	taxfix@news.taxfix.com	√Ñnderung unserer Allgemeinen Gesch√§ftsbedingungen
Spam	kundendienst@karpfenzentrale.de	üé£ Karpfen Sonderangebot & Neue Produkte
Spam	newsletter@dm-toys.de	Spur N 01/2024: Arnold, REE, Noch
Spam	info@e-mail.xing.com	Darum bekommst Du keine R√ºckmeldung auf Deine Bewerbung!
Spam	jobs@mail.xing.com	51 neue Stellenangebote f√ºr "Anwendungsentwickler in Berlin"
Spam	info@e-mail.xing.com	Nur bis morgen: Bis zu 60 % Rabatt auf Premium.
Spam	mailrobot@mail.xing.com	Kennst Du Fabian Roddeck?
Spam	jobs@mail.xing.com	THE ARC GmbH, Blema Kircheis, Michael Page und andere spannende Firmen suchen nach Kandidaten wie Dir!
Spam	mobile-team@1und1.de	Manuel Peise, aufgepasst: 6 Freimonate f√ºr Sie.
Spam	sonderaktion@e-reply.eis.de	Manuel, entdecke den neuen Satisfyer 'Seal You Soon' + 40% auf BDSM
Spam	store-news@amazon.de	"CALZITALY PACK 1 oder 2 PAARE -..." und mehr
Spam	newsletter@update.lieferando.de	Sichere dir jetzt noch 7 ‚Ç¨ Rabatt üèÉ‚Äç‚ôÇÔ∏è
Spam	newsletter@dm-toys.de	Spur N 01/2024: Minitrix & Hobbytrain Schn√§ppchen und Neuheiten
Spam	jobs@mail.xing.com	14 neue Stellenangebote f√ºr "Anwendungsentwickler in Berlin"
Spam	assetstorenews@unity3d.com	Beschleunigen Sie die Entwicklung mit vorgefertigten Assets
Spam	info@smava-mailing.de	Herr Peise, transparent und sicher zu Ihrer Finanzierung ‚úÖ
Spam	kundendienst@karpfenzentrale.de	üêüÔ∏èSonderangebot & noch mehr neue Produkteüé£
Spam	service@stayfriends.de	Schule am Kanstein (Abschlussjahrgang 1998)
Spam	jobs@mail.xing.com	21 neue Stellenangebote f√ºr "Anwendungsentwickler in Berlin"
Spam	kwk@1und1.de	Nur noch bis 31.01.: Doppelte Pr√§mie
Spam	linda.meier@schnellran.de	Kennst du uns aus dem TV?
Spam	sonderaktion@e-reply.eis.de	H√∂hepunkte mit Herz: Jetzt Satisfyer 'Cutie Heart' f√ºr 0,00 sichern üíì
Spam	jobs@mail.xing.com	THE ARC GmbH, Jan Schreiner Arbitex Private Personal- und Arbeitsvermittlung, CHECK24 Vergleichsportal und andere spannende Firmen suchen nach Kandidaten wie Dir!
Spam	newsletter@dm-toys.de	Spur N 01/2024: Modellbahn Union, Jaegerndorfer, Tomytec
Ham	no_reply@deutsche-wohnen.com	Ihre monatlichen Verbrauchswerte
Spam	assetstorenews@unity3d.com	Discover the Unity Asset Store with 25% off your first purchase.
Spam	newsletter@update.lieferando.de	Dein 7 ‚Ç¨ Gutschein l√§uft bald ab üëÄ
Spam	sonderaktion@e-reply.eis.de	üç≠ Naschkatzen aufgepasst: Sichere Dir den Satisfyer 'Sugar Rush' GRATIS
Ham	crm@openweathermap.org	Reset password instructions
Spam	newsletter@openpetition.org	Berlin: Dar√ºber diskutieren die Menschen
Spam	info@meteoblue.com	meteoblue - Confirm email address
Spam	kundendienst@karpfenzentrale.de	‚è∞Ô∏èLetzte Chance, von Sonderangeboten zu profitierenüé£
Spam	newsletter@dm-toys.de	Spur N 01/2024: Fleischmann Neuheiten und Restposten
Spam	info@e-mail.xing.com	Bis zu 70 % Rabatt auf ProJobs.
Spam	info@e-mail.xing.com	Verdienst Du genug?
Spam	team@email.infragistics.com	Launching in 2024: Low-Code Predictions, CEO's Playbook, & More
Spam	jobs@mail.xing.com	11 neue Stellenangebote f√ºr "Anwendungsentwickler in Berlin"
Spam	mailings@mailings.gmx.net	üì± Ihr 24 GB Handytarif f√ºr dauerhaft 9,99 ‚Ç¨ mtl.¬π
Spam	mailrobot@mail.xing.com	Kennst Du Ines Borsbach?
Spam	mobile-team@1und1.de	Nur noch 5 Tage: 1&1 All-Net-Flats zum Dauertiefpreis.
Spam	jobs@mail.xing.com	Optimus Search, Toughbyte, Jobaktivisten und andere spannende Firmen suchen nach Kandidaten wie Dir!
Spam	bestellbestaetigung@amazon.de	Deine Amazon.de Bestellung von "KANDEMY M√§dchen Prinzessin...".
Spam	discover@airbnb.com	Aktualisierte Bedingungen und Datenschutzerkl√§rung
Spam	sonderaktion@e-reply.eis.de	Auf die Pl√§tze, fertig ‚Äì SALE! Sichere Dir 98% Rabatt üî•
Ham	versandbestaetigung@amazon.de	Deine Amazon.de-Bestellung mit "KANDEMY M√§dchen Prinzessin..." wurde versandt!
Spam	noreply@campaign.eventbrite.com	Wichtige Benachrichtigung √ºber die Zustellung
Spam	service@stayfriends.de	Nancy √ºberrascht Sie auf einem Klassenfoto
Spam	info@smava-mailing.de	Herr Peise, Sie haben die Wahl bei Ihrer Finanzierung ‚úÖ
Spam	shipment-tracking@amazon.de	KANDEMY M√§dchen Prinzessin...
Spam	order-update@amazon.de	Geliefert:  Ihre Amazon.de-Bestellung mit Bestellnr. 028-4010559-1015554
Spam	newsletter@dm-toys.de	Spur N 01/2024: Fertigmodelle Modellbahn Union und Railnscale
Ham	account-security-noreply@accountprotection.microsoft.com	Sicherheitscode f√ºr das Microsoft-Konto
Spam	store-news@amazon.de	Amazon.de empfiehlt "Dada-Tech Elektrische..."
Spam	assetstorenews@unity3d.com	Entwickeln Sie das Spiel Ihrer Tr√§ume, ohne Ihre Ressourcen zu √ºberlasten
Spam	jobs@mail.xing.com	6 neue Stellenangebote f√ºr "Anwendungsentwickler in Berlin"
Spam	sonderaktion@e-reply.eis.de	üíò Bald ist Valentinstag! Shoppe jetzt 1.000 Geschenke mit 98% Rabatt
Unknown	jobs@mail.xing.com	Optimus Search, netgo, Toughbyte und andere spannende Firmen suchen nach Kandidaten wie Dir!
Unknown	mailings@mailings.gmx.net	Ihr g√ºnstiger Stromtarif inkl. iPad oder Gutschein
Unknown	newsletter@dm-toys.de	Spur N 01/2024: Modellbahn Union Graffiti, Mafen DB KS-Signale
Unknown	mailrobot@mail.xing.com	Supriya Parija m√∂chte Dich als Kontakt hinzuf√ºgen.
Unknown	matt@m.fontawesome.com	Check out Font Awesome‚Äôs 2023 Highlights
Unknown	sonderaktion@e-reply.eis.de	Deine letzte Chance auf 98%, Manuel! üòç
Unknown	service@stayfriends.de	Das sind Sie, Manuel!
Unknown	info@e-mail.xing.com	Wenn Dein XING Profil so aussieht, wirst Du zum Liebling von jedem Headhunter
Unknown	info@mail.bahncard.bahn.de	So viel CO2 haben Sie gespart, Manuel Peise!
Unknown	kwk@1und1.de	Unsere Belohnung f√ºr Sie!
Unknown	team@email.infragistics.com	Transform Your Approach to Hierarchical Data Presentation
Unknown	newsletter@update.lieferando.de	Die Februar 2 f√ºr 1 Deals sind da
Unknown	newsletter@dm-toys.de	Spur N 02/2024: Restposten Hobbytrain, Lemke, MFTrain
Unknown	jobs@mail.xing.com	16 neue Stellenangebote f√ºr "Anwendungsentwickler in Berlin"
Unknown	jobs@mail.xing.com	Optimus Search, Amadeus FiRe, rona:systems gmbh und andere spannende Firmen suchen nach Kandidaten wie Dir!
Unknown	sonderaktion@e-reply.eis.de	Werde fit & sexy mit GRATIS App-Liebeskugeln von Satisfyer üí™
Unknown	mailrobot@mail.xing.com	Supriya Parija wartet auf Deine Antwort.
Unknown	service@stayfriends.de	Neues bei Karmen, Kai und Marcel?
Unknown	noreply@github.com	[GitHub] Please reset your password
Unknown	noreply@github.com	[GitHub] Your password was reset
Unknown	noreply@github.com	[GitHub] Please verify your device
Unknown	newsletter@dm-toys.de	Spur N 02/2024: Arnold Neuheiten
Unknown	customer-reviews-messages@amazon.de	Manuel Peise, sind Sie zufrieden mit 'Seago Elektrische Zahnb√ºrste'? Bewerten Sie den Artikel auf Amazon
